<project name="Galago">
    <bannerLeft>
        <name>Galago</name>
        <src>images/galago.png</src>
        <href>http://www.galagosearch.org</href>
    </bannerLeft> 
    <body>
        <menu name="Galago">
            <item name="Overview" href="index.html"/>
            <item name="Quick Start" href="quick-start.html"/>
            <item name="Downloads" href="http://code.google.com/p/galagosearch/downloads/list" />
	</menu>

	<menu name="Documentation">
            <item name="Indexing" href="indexing.html"/>
            <item name="Retrieval" href="retrieval.html"/>
            <item name="Guide" href="guide.html"/>
            <item name="FAQ" href="faq.html"/>
        </menu>

        <menu name="galagosearch-core">
	    <item name="JavaDocs" href="galagosearch-core/apidocs/"/>
	    <item name="Test Coverage" href="galagosearch-core/cobertura/"/>
            <item name="Source Xref" href="galagosearch-core/xref/"/>
        </menu>

        <menu name="galagosearch-tupleflow">
	    <item name="JavaDocs" href="galagosearch-tupleflow/apidocs/"/>
	    <item name="Test Coverage" href="galagosearch-tupleflow/cobertura/"/>
            <item name="Source Xref" href="galagosearch-tupleflow/xref/"/>
        </menu>

        <menu name="galagosearch-tupleflow-typebuilder">
	    <item name="JavaDocs" href="galagosearch-tupleflow-typebuilder/apidocs/"/>
	    <item name="Test Coverage" href="galagosearch-tupleflow-typebuilder/cobertura/"/>
            <item name="Source Xref" href="galagosearch-tupleflow-typebuilder/xref/"/>
        </menu>
        
        <menu ref="reports"/>      
    </body>
</project>
